nombre_carrera,distancia_total,altitud
1_2_Maratón_de_Santander.gpx,16167.271803948111,"(np.float64(108.59999999999978),         punto_i-1_x   punto_i-1_y      punto_i_x     punto_i_y  altitud_tramo
0     434817.132338  4.812372e+06  434806.264304  4.812369e+06            0.0
1     434806.264304  4.812369e+06  434790.537109  4.812366e+06            0.3
2     434790.537109  4.812366e+06  434769.010091  4.812365e+06            1.0
3     434769.010091  4.812365e+06  434766.096748  4.812365e+06            0.1
4     434766.096748  4.812365e+06  434749.810777  4.812363e+06            0.0
...             ...           ...            ...           ...            ...
1492  435080.626760  4.812422e+06  435058.467789  4.812422e+06           -0.1
1493  435058.467789  4.812422e+06  435055.306438  4.812422e+06            0.0
1494  435055.306438  4.812422e+06  435035.293100  4.812419e+06            0.0
1495  435035.293100  4.812419e+06  435032.776768  4.812418e+06            0.0
1496  435032.776768  4.812418e+06  435010.812269  4.812414e+06           -0.1

[1497 rows x 5 columns])"
1_2_maratón_Santander.gpx,7511.20160663974,"(np.float64(213.59999999999772),         punto_i-1_x   punto_i-1_y      punto_i_x     punto_i_y  altitud_tramo
0     435016.817831  4.812416e+06  435012.609113  4.812415e+06            0.2
1     435012.609113  4.812415e+06  435009.291319  4.812415e+06            0.0
2     435009.291319  4.812415e+06  435004.920810  4.812415e+06            0.0
3     435004.920810  4.812415e+06  435000.791915  4.812415e+06            0.0
4     435000.791915  4.812415e+06  434996.986604  4.812415e+06            0.0
...             ...           ...            ...           ...            ...
6138  434839.219201  4.812397e+06  434835.170108  4.812397e+06            0.0
6139  434835.170108  4.812397e+06  434831.282807  4.812396e+06           -0.2
6140  434831.282807  4.812396e+06  434827.157114  4.812397e+06           -0.2
6141  434827.157114  4.812397e+06  434823.918054  4.812396e+06           -0.2
6142  434823.918054  4.812396e+06  434820.194692  4.812396e+06            0.0

[6143 rows x 5 columns])"
21k_MM_Santander_2024.gpx,7312.659725703764,"(np.float64(227.79999999999643),         punto_i-1_x   punto_i-1_y      punto_i_x     punto_i_y  altitud_tramo
0     435021.711768  4.812411e+06  435018.308792  4.812411e+06            0.0
1     435018.308792  4.812411e+06  435014.905815  4.812410e+06            0.0
2     435014.905815  4.812410e+06  435011.501767  4.812410e+06            0.0
3     435011.501767  4.812410e+06  435008.179684  4.812409e+06            0.0
4     435008.179684  4.812409e+06  435004.776706  4.812409e+06            0.0
...             ...           ...            ...           ...            ...
6366  434843.718953  4.812402e+06  434839.987003  4.812401e+06            0.2
6367  434839.987003  4.812401e+06  434835.851647  4.812400e+06            0.2
6368  434835.851647  4.812400e+06  434831.475750  4.812400e+06            0.4
6369  434831.475750  4.812400e+06  434828.078122  4.812400e+06            0.2
6370  434828.078122  4.812400e+06  434825.651245  4.812400e+06            0.2

[6371 rows x 5 columns])"
21k_Santander_MMP_.gpx,2096.5434623267747,"(np.float64(230.60000000000005),         punto_i-1_x   punto_i-1_y      punto_i_x     punto_i_y  altitud_tramo
0     435018.719697  4.812412e+06  435018.719697  4.812412e+06            0.0
1     435018.719697  4.812412e+06  435016.050138  4.812412e+06            0.0
2     435016.050138  4.812412e+06  435013.053782  4.812411e+06            0.0
3     435013.053782  4.812411e+06  435009.575266  4.812411e+06            0.0
4     435009.575266  4.812411e+06  435005.931744  4.812411e+06            0.0
...             ...           ...            ...           ...            ...
5963  434836.428659  4.812402e+06  434832.780826  4.812401e+06            0.0
5964  434832.780826  4.812401e+06  434829.054244  4.812400e+06            0.0
5965  434829.054244  4.812400e+06  434825.248915  4.812400e+06            0.0
5966  434825.248915  4.812400e+06  434821.360540  4.812399e+06            0.0
5967  434821.360540  4.812399e+06  434817.392343  4.812399e+06            2.0

[5968 rows x 5 columns])"
Carrera_de_mañana(1).gpx,2075.885939820916,"(np.float64(128.19999999999865),         punto_i-1_x   punto_i-1_y      punto_i_x     punto_i_y  altitud_tramo
0     434837.037159  4.812398e+06  434835.659780  4.812397e+06            0.0
1     434835.659780  4.812397e+06  434831.524421  4.812396e+06            0.0
2     434831.524421  4.812396e+06  434830.066145  4.812396e+06            0.1
3     434830.066145  4.812396e+06  434826.022423  4.812396e+06            0.0
4     434826.022423  4.812396e+06  434824.730236  4.812397e+06            0.1
...             ...           ...            ...           ...            ...
6551  435022.424267  4.812418e+06  435021.045828  4.812418e+06            0.0
6552  435021.045828  4.812418e+06  435017.968579  4.812418e+06            0.1
6553  435017.968579  4.812418e+06  435013.186095  4.812417e+06            0.0
6554  435013.186095  4.812417e+06  435011.239243  4.812416e+06            0.0
6555  435011.239243  4.812416e+06  435007.754301  4.812415e+06            0.1

[6556 rows x 5 columns])"
Carrera_de_mañana(10).gpx,16364.472469627643,"(np.float64(97.19999999999983),         punto_i-1_x   punto_i-1_y      punto_i_x     punto_i_y  altitud_tramo
0     435024.210397  4.812419e+06  435023.567516  4.812419e+06            0.0
1     435023.567516  4.812419e+06  435016.179235  4.812417e+06            0.1
2     435016.179235  4.812417e+06  434992.294653  4.812415e+06            0.0
3     434992.294653  4.812415e+06  434982.746818  4.812415e+06            0.0
4     434982.746818  4.812415e+06  434974.643315  4.812413e+06           -0.1
...             ...           ...            ...           ...            ...
1403  434882.250465  4.812396e+06  434874.797305  4.812395e+06            0.0
1404  434874.797305  4.812395e+06  434853.898233  4.812393e+06            0.1
1405  434853.898233  4.812393e+06  434850.659172  4.812392e+06            0.0
1406  434850.659172  4.812392e+06  434829.684555  4.812390e+06            0.2
1407  434829.684555  4.812390e+06  434814.546257  4.812389e+06            0.0

[1408 rows x 5 columns])"
Carrera_de_mañana(2).gpx,1930.7681735256326,"(np.float64(127.89999999999878),         punto_i-1_x   punto_i-1_y      punto_i_x     punto_i_y  altitud_tramo
0     434882.389040  4.812386e+06  434879.310696  4.812385e+06            0.0
1     434879.310696  4.812385e+06  434877.039166  4.812384e+06            0.0
2     434877.039166  4.812384e+06  434874.283332  4.812384e+06            0.0
3     434874.283332  4.812384e+06  434872.180034  4.812384e+06            0.0
4     434872.180034  4.812384e+06  434869.587065  4.812384e+06            0.0
...             ...           ...            ...           ...            ...
6520  435013.717016  4.812413e+06  435010.470475  4.812412e+06            0.0
6521  435010.470475  4.812412e+06  435007.232503  4.812412e+06            0.0
6522  435007.232503  4.812412e+06  435004.157394  4.812412e+06            0.0
6523  435004.157394  4.812412e+06  435000.676735  4.812411e+06            0.0
6524  435000.676735  4.812411e+06  434996.872493  4.812411e+06            0.0

[6525 rows x 5 columns])"
Carrera_de_mañana(3).gpx,16042.876911410774,"(np.float64(220.99999999999915),         punto_i-1_x   punto_i-1_y      punto_i_x     punto_i_y  altitud_tramo
0     434696.787812  4.812376e+06  434679.702566  4.812375e+06            0.2
1     434679.702566  4.812375e+06  434669.186058  4.812375e+06            0.0
2     434669.186058  4.812375e+06  434663.771396  4.812376e+06            0.0
3     434663.771396  4.812376e+06  434647.196291  4.812377e+06           -0.4
4     434647.196291  4.812377e+06  434642.416952  4.812376e+06            0.0
...             ...           ...            ...           ...            ...
2053  434972.466068  4.812406e+06  434968.903437  4.812405e+06            0.2
2054  434968.903437  4.812405e+06  434947.271015  4.812402e+06           -0.2
2055  434947.271015  4.812402e+06  434943.784987  4.812401e+06            0.0
2056  434943.784987  4.812401e+06  434932.434899  4.812399e+06           -0.2
2057  434932.434899  4.812399e+06  434924.980678  4.812398e+06            0.0

[2058 rows x 5 columns])"
Carrera_de_mañana(4).gpx,5999.684367290338,"(np.float64(98.60000000000004),        punto_i-1_x   punto_i-1_y      punto_i_x     punto_i_y  altitud_tramo
0    434833.914442  4.812401e+06  434812.205335  4.812398e+06            0.4
1    434812.205335  4.812398e+06  434792.121651  4.812396e+06            0.1
2    434792.121651  4.812396e+06  434771.884763  4.812395e+06            0.1
3    434771.884763  4.812395e+06  434750.521777  4.812394e+06            0.0
4    434750.521777  4.812394e+06  434730.375453  4.812394e+06            0.1
..             ...           ...            ...           ...            ...
983  435116.376199  4.812421e+06  435096.341244  4.812432e+06            0.6
984  435096.341244  4.812432e+06  435076.038621  4.812432e+06            0.5
985  435076.038621  4.812432e+06  435072.799591  4.812432e+06            0.1
986  435072.799591  4.812432e+06  435050.536206  4.812431e+06            0.4
987  435050.536206  4.812431e+06  435029.730000  4.812429e+06            0.1

[988 rows x 5 columns])"
Carrera_de_mañana(5).gpx,1779.6091848274812,"(np.float64(370.59999999999445),         punto_i-1_x   punto_i-1_y      punto_i_x     punto_i_y  altitud_tramo
0     434749.728106  4.812388e+06  434746.411368  4.812388e+06            0.0
1     434746.411368  4.812388e+06  434743.172300  4.812387e+06            0.0
2     434743.172300  4.812387e+06  434739.609646  4.812387e+06            0.0
3     434739.609646  4.812387e+06  434736.131116  4.812387e+06            0.2
4     434736.131116  4.812387e+06  434733.296526  4.812387e+06            0.2
...             ...           ...            ...           ...            ...
6249  434948.882021  4.812410e+06  434944.999025  4.812410e+06            0.0
6250  434944.999025  4.812410e+06  434941.277820  4.812410e+06            0.2
6251  434941.277820  4.812410e+06  434937.633221  4.812409e+06            0.0
6252  434937.633221  4.812409e+06  434933.912015  4.812409e+06            0.0
6253  434933.912015  4.812409e+06  434930.676185  4.812409e+06            0.0

[6254 rows x 5 columns])"
Carrera_de_mañana(6).gpx,1974.0915646762924,"(np.float64(130.09999999999886),         punto_i-1_x   punto_i-1_y      punto_i_x     punto_i_y  altitud_tramo
0     434813.808211  4.812397e+06  434810.159298  4.812396e+06            0.1
1     434810.159298  4.812396e+06  434806.602025  4.812396e+06            0.1
2     434806.602025  4.812396e+06  434803.044753  4.812396e+06            0.0
3     434803.044753  4.812396e+06  434799.482107  4.812396e+06            0.0
4     434799.482107  4.812396e+06  434796.082328  4.812396e+06            0.0
...             ...           ...            ...           ...            ...
5934  434934.316494  4.812409e+06  434930.507958  4.812409e+06            0.0
5935  434930.507958  4.812409e+06  434926.948544  4.812409e+06            0.0
5936  434926.948544  4.812409e+06  434922.978215  4.812408e+06            0.0
5937  434922.978215  4.812408e+06  434919.090927  4.812408e+06            0.1
5938  434919.090927  4.812408e+06  434915.447398  4.812407e+06            0.0

[5939 rows x 5 columns])"
Carrera_de_mañana(7).gpx,16069.653096621789,"(np.float64(289.59999999999934),         punto_i-1_x   punto_i-1_y      punto_i_x     punto_i_y  altitud_tramo
0     434919.567719  4.812407e+06  434906.364537  4.812405e+06           -0.2
1     434906.364537  4.812405e+06  434898.667631  4.812404e+06            0.0
2     434898.667631  4.812404e+06  434891.137879  4.812403e+06            0.0
3     434891.137879  4.812403e+06  434879.718685  4.812402e+06            0.2
4     434879.718685  4.812402e+06  434872.348573  4.812401e+06            0.0
...             ...           ...            ...           ...            ...
1578  435170.187489  4.812413e+06  435167.030419  4.812413e+06            0.0
1579  435167.030419  4.812413e+06  435145.656853  4.812412e+06            0.6
1580  435145.656853  4.812412e+06  435123.519925  4.812406e+06           -0.2
1581  435123.519925  4.812406e+06  435111.809289  4.812408e+06            0.2
1582  435111.809289  4.812408e+06  435109.972217  4.812411e+06           -0.2

[1583 rows x 5 columns])"
Carrera_de_mañana(8).gpx,1794.5809252356946,"(np.float64(131.19999999999874),         punto_i-1_x   punto_i-1_y      punto_i_x     punto_i_y  altitud_tramo
0     434712.920404  4.812388e+06  434708.383768  4.812387e+06            0.0
1     434708.383768  4.812387e+06  434705.952581  4.812387e+06            0.0
2     434705.952581  4.812387e+06  434703.441574  4.812387e+06            0.0
3     434703.441574  4.812387e+06  434698.738839  4.812386e+06            0.1
4     434698.738839  4.812386e+06  434696.879305  4.812386e+06            0.0
...             ...           ...            ...           ...            ...
5935  434905.796121  4.812405e+06  434903.770506  4.812405e+06            0.0
5936  434903.770506  4.812405e+06  434901.744891  4.812404e+06            0.0
5937  434901.744891  4.812404e+06  434896.478078  4.812404e+06            0.0
5938  434896.478078  4.812404e+06  434894.778192  4.812403e+06            0.0
5939  434894.778192  4.812403e+06  434889.357097  4.812403e+06            0.1

[5940 rows x 5 columns])"
Carrera_de_mañana(9).gpx,16246.432502840305,"(np.float64(106.5999999999997),         punto_i-1_x   punto_i-1_y      punto_i_x     punto_i_y  altitud_tramo
0     434894.020492  4.812392e+06  434890.211941  4.812391e+06            0.1
1     434890.211941  4.812391e+06  434882.519309  4.812391e+06            0.0
2     434882.519309  4.812391e+06  434860.156582  4.812387e+06            0.1
3     434860.156582  4.812387e+06  434852.379824  4.812386e+06            0.0
4     434852.379824  4.812386e+06  434830.110850  4.812384e+06            0.2
...             ...           ...            ...           ...            ...
1395  435091.580001  4.812408e+06  435071.524715  4.812417e+06            0.2
1396  435071.524715  4.812417e+06  435067.802444  4.812417e+06           -0.1
1397  435067.802444  4.812417e+06  435045.365441  4.812415e+06            0.0
1398  435045.365441  4.812415e+06  435039.035232  4.812412e+06            0.0
1399  435039.035232  4.812412e+06  435025.931198  4.812413e+06            0.0

[1400 rows x 5 columns])"
Día_76_244_De_0_a_correr_mi_primera_maratón.gpx,1807.9049936266783,"(np.float64(116.60000000000106),         punto_i-1_x   punto_i-1_y      punto_i_x     punto_i_y  altitud_tramo
0     434772.188994  4.812393e+06  434766.843408  4.812392e+06            0.0
1     434766.843408  4.812392e+06  434764.655990  4.812392e+06            0.2
2     434764.655990  4.812392e+06  434762.549469  4.812392e+06            0.0
3     434762.549469  4.812392e+06  434757.762625  4.812390e+06            0.0
4     434757.762625  4.812390e+06  434756.221299  4.812390e+06           -0.2
...             ...           ...            ...           ...            ...
6752  434941.721372  4.812405e+06  434936.137416  4.812405e+06            0.0
6753  434936.137416  4.812405e+06  434933.952157  4.812405e+06            0.0
6754  434933.952157  4.812405e+06  434931.766897  4.812405e+06            0.0
6755  434931.766897  4.812405e+06  434926.909930  4.812405e+06            0.0
6756  434926.909930  4.812405e+06  434925.290941  4.812405e+06            0.0

[6757 rows x 5 columns])"
Half_marathon_Santander.gpx,16478.22614413761,"(np.float64(216.99999999999955),         punto_i-1_x   punto_i-1_y      punto_i_x     punto_i_y  altitud_tramo
0     435024.259733  4.812407e+06  435024.018117  4.812407e+06            0.0
1     435024.018117  4.812407e+06  435017.945578  4.812407e+06            0.0
2     435017.945578  4.812407e+06  435005.968716  4.812406e+06            0.0
3     435005.968716  4.812406e+06  435000.464588  4.812406e+06            0.0
4     435000.464588  4.812406e+06  434996.905173  4.812406e+06            0.0
...             ...           ...            ...           ...            ...
1554  434865.736584  4.812404e+06  434858.207902  4.812403e+06            0.2
1555  434858.207902  4.812403e+06  434854.322754  4.812403e+06           -0.2
1556  434854.322754  4.812403e+06  434834.939236  4.812398e+06            0.4
1557  434834.939236  4.812398e+06  434826.916575  4.812397e+06            0.0
1558  434826.916575  4.812397e+06  434822.863184  4.812396e+06           -0.6

[1559 rows x 5 columns])"
Media_Maraton_Santander.gpx,11415.563755674088,"(np.float64(280.59999999999917),         punto_i-1_x   punto_i-1_y      punto_i_x     punto_i_y  altitud_tramo
0     435021.878347  4.812420e+06  435021.878347  4.812420e+06            0.0
1     435021.878347  4.812420e+06  435013.778073  4.812419e+06            0.0
2     435013.778073  4.812419e+06  434989.970110  4.812417e+06            0.0
3     434989.970110  4.812417e+06  434985.431379  4.812416e+06            0.0
4     434985.431379  4.812416e+06  434981.053367  4.812415e+06            0.0
...             ...           ...            ...           ...            ...
1555  434877.306153  4.812395e+06  434873.089903  4.812394e+06            0.0
1556  434873.089903  4.812394e+06  434851.701156  4.812391e+06           -0.4
1557  434851.701156  4.812391e+06  434847.571164  4.812391e+06           -0.2
1558  434847.571164  4.812391e+06  434825.526630  4.812387e+06           -0.2
1559  434825.526630  4.812387e+06  434813.619868  4.812385e+06            0.2

[1560 rows x 5 columns])"
Media_Maraton_Santander_2024_.gpx,2035.6894167979212,"(np.float64(137.40000000000063),         punto_i-1_x   punto_i-1_y      punto_i_x     punto_i_y  altitud_tramo
0     434989.000433  4.812417e+06  434984.873682  4.812417e+06            0.0
1     434984.873682  4.812417e+06  434980.746932  4.812417e+06            0.0
2     434980.746932  4.812417e+06  434976.540357  4.812417e+06            0.0
3     434976.540357  4.812417e+06  434972.413606  4.812417e+06            0.0
4     434972.413606  4.812417e+06  434968.286855  4.812417e+06            0.0
...             ...           ...            ...           ...            ...
5794  434846.732505  4.812405e+06  434842.920735  4.812404e+06            0.0
5795  434842.920735  4.812404e+06  434839.604005  4.812404e+06            0.0
5796  434839.604005  4.812404e+06  434836.357430  4.812403e+06            0.0
5797  434836.357430  4.812403e+06  434833.199269  4.812402e+06            0.0
5798  434833.199269  4.812402e+06  434833.199269  4.812402e+06            0.0

[5799 rows x 5 columns])"
Media_Maraton_Santander_Ayunas.gpx,16085.993241892966,"(np.float64(310.5999999999991),         punto_i-1_x   punto_i-1_y      punto_i_x     punto_i_y  altitud_tramo
0     434927.489072  4.812406e+06  434917.444046  4.812405e+06           -0.2
1     434917.444046  4.812405e+06  434914.124099  4.812404e+06            0.0
2     434914.124099  4.812404e+06  434893.552950  4.812402e+06            0.2
3     434893.552950  4.812402e+06  434890.067988  4.812402e+06            0.0
4     434890.067988  4.812402e+06  434879.937758  4.812400e+06           -0.2
...             ...           ...            ...           ...            ...
1618  435117.174762  4.812403e+06  435114.604277  4.812405e+06            0.0
1619  435114.604277  4.812405e+06  435104.858002  4.812417e+06           -0.4
1620  435104.858002  4.812417e+06  435092.929311  4.812422e+06            0.8
1621  435092.929311  4.812422e+06  435089.860628  4.812423e+06           -0.4
1622  435089.860628  4.812423e+06  435071.497330  4.812423e+06            0.2

[1623 rows x 5 columns])"
Media_Maratón.gpx,1930.8822432866473,"(np.float64(148.79999999999797),         punto_i-1_x   punto_i-1_y      punto_i_x     punto_i_y  altitud_tramo
0     434848.430243  4.812404e+06  434846.568565  4.812404e+06            0.0
1     434846.568565  4.812404e+06  434843.410406  4.812404e+06            0.0
2     434843.410406  4.812404e+06  434841.709445  4.812404e+06            0.0
3     434841.709445  4.812404e+06  434837.333551  4.812403e+06            0.1
4     434837.333551  4.812403e+06  434835.870981  4.812402e+06            0.0
...             ...           ...            ...           ...            ...
6805  434994.649200  4.812416e+06  434990.354228  4.812415e+06            0.0
6806  434990.354228  4.812415e+06  434986.948036  4.812414e+06            0.0
6807  434986.948036  4.812414e+06  434983.793104  4.812414e+06            0.0
6808  434983.793104  4.812414e+06  434979.910110  4.812414e+06            0.0
6809  434979.910110  4.812414e+06  434976.017470  4.812413e+06           -0.1

[6810 rows x 5 columns])"
Media_maratón_de_Santander(1).gpx,1712.9873508491307,"(np.float64(161.20000000000005),         punto_i-1_x   punto_i-1_y      punto_i_x     punto_i_y  altitud_tramo
0     434675.390160  4.812381e+06  434672.151084  4.812380e+06            0.0
1     434672.151084  4.812380e+06  434668.913085  4.812380e+06            0.0
2     434668.913085  4.812380e+06  434665.914543  4.812380e+06            0.0
3     434665.914543  4.812380e+06  434662.999050  4.812379e+06            0.0
4     434662.999050  4.812379e+06  434660.162299  4.812379e+06            0.0
...             ...           ...            ...           ...            ...
6646  434930.645081  4.812406e+06  434926.837615  4.812406e+06            0.0
6647  434926.837615  4.812406e+06  434923.839107  4.812405e+06            0.0
6648  434923.839107  4.812405e+06  434920.597911  4.812405e+06            0.0
6649  434920.597911  4.812405e+06  434917.922985  4.812404e+06            0.0
6650  434917.922985  4.812404e+06  434914.030330  4.812403e+06            0.0

[6651 rows x 5 columns])"
Media_Maratón_Santander_.gpx,1919.8497515964634,"(np.float64(133.0000000000009),         punto_i-1_x   punto_i-1_y      punto_i_x     punto_i_y  altitud_tramo
0     434840.223247  4.812401e+06  434836.417918  4.812400e+06           -0.2
1     434836.417918  4.812400e+06  434832.774381  4.812400e+06            0.0
2     434832.774381  4.812400e+06  434829.129769  4.812400e+06           -0.2
3     434829.129769  4.812400e+06  434825.489454  4.812400e+06            0.0
4     434825.489454  4.812400e+06  434821.849138  4.812400e+06            0.0
...             ...           ...            ...           ...            ...
5804  435087.340025  4.812421e+06  435083.945620  4.812422e+06            0.0
5805  435083.945620  4.812422e+06  435080.955693  4.812422e+06            0.0
5806  435080.955693  4.812422e+06  435077.730571  4.812423e+06            0.2
5807  435077.730571  4.812423e+06  435074.258482  4.812424e+06            0.0
5808  435074.258482  4.812424e+06  435069.644223  4.812424e+06            0.0

[5809 rows x 5 columns])"
Media_Maratón_Santander_2024(1).gpx,11068.386534882597,"(np.float64(231.9999999999994),         punto_i-1_x   punto_i-1_y      punto_i_x     punto_i_y  altitud_tramo
0     434838.719863  4.812396e+06  434823.621651  4.812391e+06           -0.2
1     434823.621651  4.812391e+06  434802.545704  4.812386e+06           -0.2
2     434802.545704  4.812386e+06  434791.776855  4.812386e+06            0.0
3     434791.776855  4.812386e+06  434785.628754  4.812386e+06            0.0
4     434785.628754  4.812386e+06  434767.224487  4.812382e+06            0.0
...             ...           ...            ...           ...            ...
1556  435050.473043  4.812424e+06  435029.333595  4.812422e+06            0.0
1557  435029.333595  4.812422e+06  435016.041008  4.812419e+06            0.4
1558  435016.041008  4.812419e+06  434994.974926  4.812416e+06            0.0
1559  434994.974926  4.812416e+06  434988.008253  4.812415e+06            0.2
1560  434988.008253  4.812415e+06  434984.445628  4.812415e+06            0.0

[1561 rows x 5 columns])"
Media_Maratón_Santander_2024(2).gpx,2072.1543909157817,"(np.float64(246.59999999999624),         punto_i-1_x   punto_i-1_y      punto_i_x     punto_i_y  altitud_tramo
0     435017.214812  4.812415e+06  435017.864119  4.812415e+06            0.0
1     435017.864119  4.812415e+06  435015.260461  4.812414e+06            0.0
2     435015.260461  4.812414e+06  435011.691409  4.812413e+06            0.0
3     435011.691409  4.812413e+06  435007.150536  4.812412e+06            0.0
4     435007.150536  4.812412e+06  435002.446799  4.812410e+06            0.0
...             ...           ...            ...           ...            ...
6607  434824.816504  4.812397e+06  434820.444901  4.812397e+06            0.0
6608  434820.444901  4.812397e+06  434813.553704  4.812395e+06            0.0
6609  434813.553704  4.812395e+06  434811.365215  4.812395e+06            0.0
6610  434811.365215  4.812395e+06  434804.303625  4.812393e+06            1.2
6611  434804.303625  4.812393e+06  434802.774124  4.812393e+06            0.0

[6612 rows x 5 columns])"
media_maratón_santander_2024.gpx,16455.264584657518,"(np.float64(95.19999999999979),         punto_i-1_x   punto_i-1_y      punto_i_x     punto_i_y  altitud_tramo
0     435027.890901  4.812415e+06  435024.496495  4.812415e+06            0.0
1     435024.496495  4.812415e+06  435013.950062  4.812412e+06           -0.1
2     435013.950062  4.812412e+06  435007.053572  4.812410e+06            0.0
3     435007.053572  4.812410e+06  435003.165219  4.812409e+06            0.0
4     435003.165219  4.812409e+06  434986.241931  4.812408e+06           -0.1
...             ...           ...            ...           ...            ...
1778  434887.892386  4.812402e+06  434867.160502  4.812400e+06            0.1
1779  434867.160502  4.812400e+06  434854.197832  4.812398e+06            0.0
1780  434854.197832  4.812398e+06  434833.533929  4.812395e+06            0.2
1781  434833.533929  4.812395e+06  434830.291646  4.812394e+06            0.1
1782  434830.291646  4.812394e+06  434824.621409  4.812394e+06            0.1

[1783 rows x 5 columns])"
Media_Santander_.gpx,16492.71722629179,"(np.float64(248.79999999999922),         punto_i-1_x   punto_i-1_y      punto_i_x     punto_i_y  altitud_tramo
0     435016.763714  4.812418e+06  435000.000101  4.812417e+06            0.0
1     435000.000101  4.812417e+06  434994.162755  4.812415e+06            0.4
2     434994.162755  4.812415e+06  434991.649631  4.812415e+06            0.0
3     434991.649631  4.812415e+06  434987.191795  4.812414e+06            0.2
4     434987.191795  4.812414e+06  434982.733958  4.812413e+06            0.2
...             ...           ...            ...           ...            ...
1606  434873.872713  4.812400e+06  434852.481837  4.812397e+06           -0.4
1607  434852.481837  4.812397e+06  434848.837225  4.812396e+06           -0.2
1608  434848.837225  4.812396e+06  434828.029782  4.812395e+06            0.2
1609  434828.029782  4.812395e+06  434821.625035  4.812393e+06            0.6
1610  434821.625035  4.812393e+06  434814.982970  4.812393e+06           -0.2

[1611 rows x 5 columns])"
MM_Santander_2024.gpx,1787.6530262624372,"(np.float64(269.39999999999617),         punto_i-1_x   punto_i-1_y      punto_i_x     punto_i_y  altitud_tramo
0     434770.949492  4.812399e+06  434767.138782  4.812398e+06            0.2
1     434767.138782  4.812398e+06  434763.736852  4.812397e+06            0.2
2     434763.736852  4.812397e+06  434760.657430  4.812397e+06            0.2
3     434760.657430  4.812397e+06  434757.418367  4.812397e+06            0.0
4     434757.418367  4.812397e+06  434753.775898  4.812396e+06            0.2
...             ...           ...            ...           ...            ...
6042  434938.797934  4.812413e+06  434934.909576  4.812412e+06            0.0
6043  434934.909576  4.812412e+06  434931.270341  4.812412e+06           -0.2
6044  434931.270341  4.812412e+06  434927.788607  4.812412e+06            0.0
6045  434927.788607  4.812412e+06  434923.906684  4.812412e+06            0.0
6046  434923.906684  4.812412e+06  434920.748532  4.812412e+06            0.0

[6047 rows x 5 columns])"
Morning_Run(1).gpx,16485.51553739977,"(np.float64(97.09999999999992),         punto_i-1_x   punto_i-1_y      punto_i_x     punto_i_y  altitud_tramo
0     434994.401156  4.812415e+06  434994.401156  4.812415e+06            0.0
1     434994.401156  4.812415e+06  434994.401156  4.812415e+06            0.0
2     434994.401156  4.812415e+06  434994.401156  4.812415e+06            0.0
3     434994.401156  4.812415e+06  434994.401156  4.812415e+06            0.0
4     434994.401156  4.812415e+06  434991.164257  4.812415e+06           -0.1
...             ...           ...            ...           ...            ...
1129  434909.495871  4.812403e+06  434886.168888  4.812400e+06            0.2
1130  434886.168888  4.812400e+06  434872.167459  4.812399e+06            0.1
1131  434872.167459  4.812399e+06  434852.403089  4.812397e+06            0.2
1132  434852.403089  4.812397e+06  434829.800899  4.812394e+06            0.1
1133  434829.800899  4.812394e+06  434826.723630  4.812394e+06            0.0

[1134 rows x 5 columns])"
Morning_Run(2).gpx,16259.558586560948,"(np.float64(92.09999999999998),         punto_i-1_x   punto_i-1_y      punto_i_x     punto_i_y  altitud_tramo
0     435021.920685  4.812416e+06  435017.860906  4.812415e+06            0.0
1     435017.860906  4.812415e+06  435017.860906  4.812415e+06            0.0
2     435017.860906  4.812415e+06  435015.259390  4.812413e+06           -0.1
3     435015.259390  4.812413e+06  435012.660016  4.812412e+06            0.0
4     435012.660016  4.812412e+06  435009.493299  4.812411e+06            0.0
...             ...           ...            ...           ...            ...
1050  435077.146109  4.812421e+06  435057.057238  4.812419e+06            0.1
1051  435057.057238  4.812419e+06  435045.462396  4.812416e+06            0.0
1052  435045.462396  4.812416e+06  435025.065977  4.812415e+06            0.2
1053  435025.065977  4.812415e+06  435015.178494  4.812413e+06            0.1
1054  435015.178494  4.812413e+06  435009.102747  4.812413e+06            0.1

[1055 rows x 5 columns])"
Morning_Run(3).gpx,11416.891461835334,"(np.float64(119.79999999999959),         punto_i-1_x   punto_i-1_y      punto_i_x     punto_i_y  altitud_tramo
0     434955.838860  4.812376e+06  434955.838860  4.812376e+06            0.0
1     434955.838860  4.812376e+06  434955.838860  4.812376e+06            0.0
2     434955.838860  4.812376e+06  434955.838860  4.812376e+06            0.0
3     434955.838860  4.812376e+06  434958.569451  4.812366e+06            0.0
4     434958.569451  4.812366e+06  434948.901569  4.812370e+06            0.2
...             ...           ...            ...           ...            ...
1481  434816.376467  4.812394e+06  434815.562135  4.812394e+06            0.0
1482  434815.562135  4.812394e+06  434812.890419  4.812394e+06            0.1
1483  434812.890419  4.812394e+06  434809.518577  4.812396e+06            0.0
1484  434809.518577  4.812396e+06  434807.764656  4.812399e+06            0.0
1485  434807.764656  4.812399e+06  434806.874801  4.812399e+06            0.0

[1486 rows x 5 columns])"
Morning_Run(4).gpx,2064.2120121608677,"(np.float64(309.0),         punto_i-1_x   punto_i-1_y      punto_i_x     punto_i_y  altitud_tramo
0     435012.025704  4.812414e+06  435012.025704  4.812414e+06            0.0
1     435012.025704  4.812414e+06  435012.025704  4.812414e+06            1.1
2     435012.025704  4.812414e+06  435012.025704  4.812414e+06            0.0
3     435012.025704  4.812414e+06  435012.025704  4.812414e+06            0.0
4     435012.025704  4.812414e+06  435008.223606  4.812414e+06            0.0
...             ...           ...            ...           ...            ...
6285  434838.452130  4.812402e+06  434834.314625  4.812400e+06            0.0
6286  434834.314625  4.812400e+06  434829.936580  4.812399e+06            0.0
6287  434829.936580  4.812399e+06  434825.475488  4.812398e+06            0.0
6288  434825.475488  4.812398e+06  434821.425321  4.812398e+06            0.0
6289  434821.425321  4.812398e+06  434818.755755  4.812398e+06            0.0

[6290 rows x 5 columns])"
Morning_Run(5).gpx,2064.2120121608677,"(np.float64(309.0),         punto_i-1_x   punto_i-1_y      punto_i_x     punto_i_y  altitud_tramo
0     435012.025704  4.812414e+06  435012.025704  4.812414e+06            0.0
1     435012.025704  4.812414e+06  435012.025704  4.812414e+06            1.1
2     435012.025704  4.812414e+06  435012.025704  4.812414e+06            0.0
3     435012.025704  4.812414e+06  435012.025704  4.812414e+06            0.0
4     435012.025704  4.812414e+06  435008.223606  4.812414e+06            0.0
...             ...           ...            ...           ...            ...
6285  434838.452130  4.812402e+06  434834.314625  4.812400e+06            0.0
6286  434834.314625  4.812400e+06  434829.936580  4.812399e+06            0.0
6287  434829.936580  4.812399e+06  434825.475488  4.812398e+06            0.0
6288  434825.475488  4.812398e+06  434821.425321  4.812398e+06            0.0
6289  434821.425321  4.812398e+06  434818.755755  4.812398e+06            0.0

[6290 rows x 5 columns])"
Morning_Run(6).gpx,16535.11927874262,"(np.float64(103.7999999999997),         punto_i-1_x   punto_i-1_y      punto_i_x     punto_i_y  altitud_tramo
0     435021.860139  4.812418e+06  435019.025578  4.812418e+06            0.0
1     435019.025578  4.812418e+06  435004.668481  4.812414e+06            0.0
2     435004.668481  4.812414e+06  434990.567983  4.812412e+06            0.0
3     434990.567983  4.812412e+06  434987.489659  4.812411e+06            0.0
4     434987.489659  4.812411e+06  434984.411335  4.812411e+06            0.0
...             ...           ...            ...           ...            ...
1413  434899.758979  4.812408e+06  434879.260144  4.812405e+06            0.2
1414  434879.260144  4.812405e+06  434857.963067  4.812403e+06            0.1
1415  434857.963067  4.812403e+06  434847.113358  4.812402e+06            0.1
1416  434847.113358  4.812402e+06  434825.256434  4.812401e+06            0.2
1417  434825.256434  4.812401e+06  434814.978360  4.812400e+06            0.1

[1418 rows x 5 columns])"
Morning_Run(7).gpx,2104.8248168399946,"(np.float64(104.99999999999898),         punto_i-1_x   punto_i-1_y      punto_i_x     punto_i_y  altitud_tramo
0     435029.959920  4.812411e+06  435027.211607  4.812411e+06            0.0
1     435027.211607  4.812411e+06  435024.543118  4.812411e+06            0.0
2     435024.543118  4.812411e+06  435021.875701  4.812412e+06            0.0
3     435021.875701  4.812412e+06  435019.208285  4.812412e+06            0.1
4     435019.208285  4.812412e+06  435016.540868  4.812412e+06            0.0
...             ...           ...            ...           ...            ...
6070  434829.045650  4.812399e+06  434825.075306  4.812399e+06            0.0
6071  434825.075306  4.812399e+06  434821.593559  4.812398e+06            0.1
6072  434821.593559  4.812398e+06  434819.004890  4.812398e+06            0.1
6073  434819.004890  4.812398e+06  434816.739804  4.812399e+06            0.0
6074  434816.739804  4.812399e+06  434816.739804  4.812399e+06            0.0

[6075 rows x 5 columns])"
Morning_Run(8).gpx,2084.0695757204944,"(np.float64(222.99999999999775),         punto_i-1_x   punto_i-1_y      punto_i_x     punto_i_y  altitud_tramo
0     435022.267831  4.812419e+06  435018.299660  4.812418e+06           10.6
1     435018.299660  4.812418e+06  435015.217056  4.812417e+06            0.0
2     435015.217056  4.812417e+06  435011.978016  4.812417e+06            0.0
3     435011.978016  4.812417e+06  435008.816658  4.812417e+06            0.0
4     435008.816658  4.812417e+06  435005.170996  4.812416e+06           -0.2
...             ...           ...            ...           ...            ...
6081  434837.289514  4.812399e+06  434833.887589  4.812398e+06            0.0
6082  434833.887589  4.812398e+06  434829.597957  4.812398e+06           -0.4
6083  434829.597957  4.812398e+06  434825.708507  4.812397e+06           -0.2
6084  434825.708507  4.812397e+06  434821.336905  4.812397e+06            0.0
6085  434821.336905  4.812397e+06  434817.933904  4.812396e+06            0.0

[6086 rows x 5 columns])"
Morning_Run.gpx,15715.308985435533,"(np.float64(92.59999999999985),         punto_i-1_x   punto_i-1_y      punto_i_x     punto_i_y  altitud_tramo
0     434722.914931  4.812384e+06  434719.835500  4.812384e+06            0.0
1     434719.835500  4.812384e+06  434713.277535  4.812383e+06            0.0
2     434713.277535  4.812383e+06  434693.134404  4.812383e+06            0.1
3     434693.134404  4.812383e+06  434690.534963  4.812382e+06            0.0
4     434690.534963  4.812382e+06  434679.257025  4.812379e+06            0.1
...             ...           ...            ...           ...            ...
1383  435272.132439  4.812431e+06  435250.588631  4.812428e+06            0.0
1384  435250.588631  4.812428e+06  435244.593825  4.812428e+06           -0.1
1385  435244.593825  4.812428e+06  435230.666987  4.812426e+06            0.0
1386  435230.666987  4.812426e+06  435224.341120  4.812425e+06            0.0
1387  435224.341120  4.812425e+06  435214.863527  4.812424e+06            0.0

[1388 rows x 5 columns])"
Morning_Run_Media_Maratón_Santander_2024.gpx,1785.7382066329878,"(np.float64(103.39999999999895),         punto_i-1_x   punto_i-1_y      punto_i_x     punto_i_y  altitud_tramo
0     434804.384821  4.812384e+06  434802.684929  4.812384e+06            0.0
1     434802.684929  4.812384e+06  434799.123352  4.812384e+06            0.0
2     434799.123352  4.812384e+06  434794.916755  4.812384e+06           -0.1
3     434794.916755  4.812384e+06  434790.549441  4.812384e+06            0.1
4     434790.549441  4.812384e+06  434786.586608  4.812384e+06            0.0
...             ...           ...            ...           ...            ...
6209  435041.717048  4.812422e+06  435039.127318  4.812422e+06            0.0
6210  435039.127318  4.812422e+06  435036.459904  4.812422e+06            0.0
6211  435036.459904  4.812422e+06  435033.790350  4.812422e+06            0.0
6212  435033.790350  4.812422e+06  435033.790350  4.812422e+06            0.0
6213  435033.790350  4.812422e+06  435031.684922  4.812422e+06            0.0

[6214 rows x 5 columns])"
Santander_Half_.gpx,1924.6734220846652,"(np.float64(111.000000000001),         punto_i-1_x   punto_i-1_y      punto_i_x     punto_i_y  altitud_tramo
0     434853.402833  4.812400e+06  434851.297392  4.812400e+06            0.0
1     434851.297392  4.812400e+06  434849.111055  4.812400e+06            0.0
2     434849.111055  4.812400e+06  434844.171036  4.812399e+06            0.0
3     434844.171036  4.812399e+06  434842.550970  4.812399e+06            0.0
4     434842.550970  4.812399e+06  434837.122351  4.812398e+06            0.0
...             ...           ...            ...           ...            ...
5613  435074.564941  4.812422e+06  435072.057178  4.812422e+06            0.0
5614  435072.057178  4.812422e+06  435069.469589  4.812422e+06            0.0
5615  435069.469589  4.812422e+06  435063.074556  4.812422e+06            0.0
5616  435063.074556  4.812422e+06  435060.564652  4.812422e+06            0.0
5617  435060.564652  4.812422e+06  435057.973852  4.812422e+06            0.0

[5618 rows x 5 columns])"
